,,
1,calzone,10
2,margarita,12
3,sergio,11
4,quatro fromaggi,13
5,calzone,10
6,margarita,12
7,sergio,11
8,quatro fromaggi,13
9,calzone,10
10,margarita,12
11,sergio,11
12,quatro fromaggi,13
13,calzone,10
14,margarita,12
15,sergio,11
16,quatro fromaggi,13
17,calzone,10
18,margarita,12
19,sergio,11
20,quatro fromaggi,13
21,calzone,10
22,margarita,12
23,sergio,11
24,quatro fromaggi,13
25,calzone,10
26,margarita,12
27,sergio,11
28,quatro fromaggi,13
29,calzone,10
30,margarita,12
31,sergio,11
32,quatro fromaggi,13
33,calzone,10
34,margarita,12
35,sergio,11
36,quatro fromaggi,13
37,calzone,10
38,margarita,12
39,sergio,11
40,quatro fromaggi,13
41,calzone,10
42,margarita,12
43,sergio,11
44,quatro fromaggi,13
45,calzone,10
46,margarita,12
47,sergio,11
48,quatro fromaggi,13
49,calzone,10
50,margarita,12
51,sergio,11
52,quatro fromaggi,13
53,calzone,10
54,margarita,12
55,sergio,11
56,quatro fromaggi,13
57,calzone,10
58,margarita,12
59,sergio,11
60,quatro fromaggi,13
61,calzone,10
62,margarita,12
63,sergio,11
64,quatro fromaggi,13
65,calzone,10
66,margarita,12
67,sergio,11
68,quatro fromaggi,13
69,calzone,10
70,margarita,12
71,sergio,11
72,quatro fromaggi,13
73,calzone,10
74,margarita,12
75,sergio,11
76,quatro fromaggi,13
77,calzone,10
78,margarita,12
79,sergio,11
80,quatro fromaggi,13
81,calzone,10
82,margarita,12
83,sergio,11
84,quatro fromaggi,13
85,calzone,10
86,margarita,12
87,sergio,11
88,quatro fromaggi,13
